model,accuracy,precision,recall,f1,roc_auc
XGBoost,0.926605504587156,0.9375,0.8333333333333334,0.8823529411764706,0.9547184170471842
StackingEnsemble,0.908256880733945,0.8611111111111112,0.8611111111111112,0.8611111111111112,0.9257990867579908
RandomForest,0.908256880733945,0.8823529411764706,0.8333333333333334,0.8571428571428571,0.9467275494672754
LightGBM,0.908256880733945,0.9333333333333333,0.7777777777777778,0.8484848484848485,0.9600456621004565
